{
    "mean": [
        103.31261988939634,
        12.636135843317657
    ],
    "scale": [
        66.84256648822053,
        8.215376603817896
    ]
}