{
    "mean": [
        104.6403901192068,
        12.134394106148452
    ],
    "scale": [
        65.65262735851654,
        7.910407673016132
    ]
}